Title,Publish_date,Text,URL
円が下げ拡大、152円にも接近－日米金利差で約32年ぶり安値更新,2022-10-21 00:00:00,円が対ドルで１ドル＝151円台に下落し、約32年ぶり安値を更新した。積極的な金融引き締めを続ける米国と大規模な金融緩和を維持する日本の金利差を背景に円安・ドル高が進行。日本の通貨当局の介入姿勢を試す動きが強まっている。21日の外国為替市場で、円はニューヨーク時間に入り下げを拡大。下落率は一時１％を超え、151円94銭を付けた。151円台を付けるのは1990年８月以来で、米国の利上げ開始で円安・ドル高基調が強まり始めた今年３月からの下げ幅は35円を超えている。米国ではインフレ圧力が収まる兆しが見えず、米連邦準備制度理事会（ＦＲＢ）による大幅利上げが続くとの見方が強まっている。21日のアジア時間の取引で米10年債利回りは一段と上昇し、2008年以来となる4.2％台半ばに達している。一方、日本銀行の黒田東彦総裁は、景気回復を支えて物価目標を安定的に達成するために金融緩和の継続が必要と繰り返し主張。日米の10年債利回り差は400ベーシスポイント（ｂｐ、１ｂｐ＝0.01％）まで拡大しており、円を売りドルを買う動きを後押ししている。鈴木俊一財務相は21日、150円台まで進んだ円安について「今、私どもは市場を介して、投機筋と厳しく対峙（たいじ）している状況にある」との認識を示した。「投機による過度な変動は容認できない」とした上で「為替市場の動向を高い緊張感を持って注視するとともに、過度な変動に対しては適切な対応を取りたい」とも述べた。円相場は政府・日銀が約24年ぶりに円買い介入を実施した９月22日の安値145円90銭を抜けた10月12日以降、下げ足を速めている。13日の海外市場では当局が秘密裏に円を買う覆面介入を行った可能性が取り沙汰されたが、円安の流れに歯止めはかかっておらず、20日に心理的節目の150円を突破。当局の出方と円の下値を探る展開となっている。,https://www.bloomberg.co.jp/news/articles/2022-10-21/RJNQQWT1UM0W01?srnd=cojp-v2
米国債利回り、一部で下げに転じる－利上げ減速見通しの報道で,2022-10-21 00:00:00,21日午前の米国債市場で、５年債利回りが2007年以来初めて一時4.5％を上回った。インフレ抑制に向けた米利上げが続くとの見通しが利回りを押し上げた。しかし、この主張と相いれない内容のウォールストリート・ジャーナル（ＷＳＪ）の報道をきっかけに、利回りは低下に転じた。米国債市場では報道が伝わる前に、30年債を中心にあらゆる年限で利回りが数年ぶりの高水準に上昇。30年債利回りは一時14ベーシスポイント（ｂｐ、１ｂｐ＝0.01％）上昇の4.36％と、11年以来の高水準を付けた。５年債利回りは一時６ｂｐ上げて4.504％。午前の取引が半ばになると期間の短いものを中心に利回りは下げに転じた。長期債は上昇を維持した。ＷＳＪによれば、一部の連邦準備制度理事会（ＦＲＢ）当局者らは政策の引き締め過ぎを懸念している。利上げは３月以降で合計３ポイントに達し、11月の連邦公開市場委員会（ＦＯＭＣ）でも75ｂｐの再利上げが予想されている。12月の利上げ幅が比較的小幅になる可能性があることを示唆すべきかどうか、政策当局者らは議論する可能性が高いとＷＳＪは報じた。原題： Treasury Yields Jolted From Highs on Prospect of Fed Let-Up（抜粋）,https://www.bloomberg.co.jp/news/articles/2022-10-21/RK3T6UT0AFB401?srnd=cojp-v2
32年ぶり円安も黒田日銀動かず、任期満了まで緩和維持予想－サーベイ,2022-10-21 00:00:00,米国の利上げによる日米金利差拡大を背景に円安が一段と進む中でも、日本銀行は来週開く金融政策決定会合で現行の大規模な金融緩和策を据え置くとエコノミストはみている。エコノミスト49人を対象に14－20日に実施した調査によると、日銀は27、28日の会合で長短金利操作付き量的・質的金融緩和の現状維持を決めると全員が予想した。来年４月の黒田東彦総裁の任期満了までに円安進行や物価上昇に対応して日銀が何らかの措置を取る可能性は、「低い」（49％）と「非常に低い」（31％）が合わせて80％に上った。調査リポート：日銀10月会合でエコノミスト全員が現状維持を予測黒田日銀は動かないと予想 黒田総裁の下で日銀が何らかの措置を強いられる可能性 出所：ブルームバーグ・サーベイ９月22日の会合で緩和維持を決めた際、黒田総裁は記者会見で当面の利上げを否定し、期間について「２、３年」と説明した。その直後に円相場は１ドル＝145円90銭まで急落し、政府・日銀は24年ぶりの円買い・ドル売り介入に踏み切った。その後も円安に歯止めはかからず、今月20日には32年ぶりに150円台を突破した。ソシエテ･ジェネラル証券の剱崎仁調査部長は、足元のドル・円相場は前回介入時と同様、日米５年金利差から推計された為替水準との差が５円以上になっていると指摘。金融政策が予想通り現状維持となれば、「黒田総裁の記者会見で再び円安が進む可能性も否定できない。先月に続き、会合後に再び為替介入に踏み出す可能性は十分にあろう」との見方を示した。先月の為替介入に対するエコノミストの評価は「効果的だった」が41％、「効果的でなかった」は33％と見方が分かれた。さらなる介入が行われる可能性は、「非常に高い」と「高い」との見方が合計で９割を超えた。日本銀行本店 Photographer: Toru Hanai/Bloomberg黒田総裁は今月ワシントンで開かれた一連の国際会議や国会答弁などで、現在は「金融緩和を継続することが適当」との考えを繰り返し表明した。コロナ禍からの回復途上にある日本経済を支え、賃金上昇を伴う形で２％物価目標を持続的・安定的に実現することが必要だとしている。三菱ＵＦＪリサーチ＆コンサルティングの小林真一郎主席研究員は「総裁が公の場であれほど金融政策に変更がないと言い切っている中では、今回もこれまで通りの政策が維持される」とみる。岸田政権が日銀に政策変更の圧力をかける可能性は、「低い」と「非常に低い」との回答が計90％に達した。国債市場では新発10年国債の売買が成立しない日が目立ち、日銀が誘導している長期金利（10年国債利回り）を残存期間の短い８、９年の金利が上回るなどイールドカーブにもゆがみが生じている。いちよし証券の愛宕伸康チーフエコノミストは「債券市場の機能低下が顕著であり、異次元緩和の持続性を確保する観点から、何らかの副作用対応に踏み切る可能性はゼロではない」とみている。国際通貨基金は今月公表した最新の世界経済見通し（ＷＥＯ）で、来年の世界成長率予想を2.7％とし、７月時点の2.9％から下方修正した。日本については22年は1.7％に据え置く一方、23年は1.6％と0.1ポイント下方修正した。三菱ＵＦＪモルガン・スタンレー証券の六車治美チーフ債券ストラテジストは、「マーケットでは来年４月の日銀総裁交代後の緩和修正観測が相変わらず根強い」と指摘。一方で「客観的に見て、来年あるいは来年度に新総裁が緩和縮小に乗り出せるマクロ環境が実現する可能性は低下している」との見方も示した。日銀は会合後に経済・物価情勢の展望（ 展望リポート）を公表する。22年度のコアＣＰＩの前年比見通しは中央値で2.6％と、従来の2.3％からの上方修正をエコノミストは予想。23、24年度は1.5％、1.3％と持続的な物価２％の実現は困難とみている。22年度の実質経済成長率は2.2％と従来の2.4％から下方修正を見込む。,https://www.bloomberg.co.jp/news/articles/2022-10-21/RK1B8GT0G1KW01?srnd=cojp-v2
300兆円オプション期日到来、今回は弱気派に打撃か－Ｓ＆Ｐ500上昇で,2022-10-21 00:00:00,数兆ドル相当のオプションが期日を迎える直前に株式を売却する。こうした取引は今年、個人投資家と機関投資家に大きな見返りをもたらしてきた。しかし今回、この戦略は裏目に出ている。21日に２兆ドル（約300兆円）相当のオプション期日を控える中で、Ｓ＆Ｐ500種株価指数は20日には下げたものの、週間ベースでは２％余り上げている。こうした局面で過去９カ月は１回を除いて下げていた。風向きが株式に有利な方向に傾いている理由については議論の余地がある。一部では予想を上回る企業決算や投資家のポジション状態、季節的なパターンなどが挙げられている。相場回復に乗り遅れないよう強気のオプションを投資家が買い急いだことを指摘する声もある。どのような理由であれ、オプション期日の到来が株価の重しとなると踏んでいた市場関係者は厳しい状況にある。21日に期日を迎えるオプションの保有者は、既存のポジションをロールオーバーするか新たなポジションを始めるか選択することになる。ゴールドマン・サックス・グループのストラテジスト、ロッキー・フィッシュマン氏の推計によると、Ｓ＆Ｐ500種に関連する１兆ドル強相当のオプション契約や3750億ドル相当の個別株オプションが含まれる。Source: BloombergＳ＆Ｐ500種は20日、0.8％安の3665.78で終了した。一時は1.1％上昇していたが、債券利回りの上昇で下げに転じた。原題： Stock Bears Set for Rare Loss Ahead of $2 Trillion Options Event（抜粋）,https://www.bloomberg.co.jp/news/articles/2022-10-21/RK2X3BT1UM0W01?srnd=cojp-v2
日銀ＹＣＣ微調整でも世界に大打撃へ－現体制下の修正見込まれず,2022-10-21 00:00:00,円安・ドル高の進行が続く状況にあっても、来年４月までの日本銀行の黒田東彦総裁の任期中にイールドカーブコントロール（ＹＣＣ、長短金利操作）プログラムが修正される可能性はないと、エコノミストの大半は予想している。しかし、たとえ小幅なものであってもＹＣＣに調整が加えられ、利回り急上昇を抑制してきた最後の主要中央銀行がついに政策変更に動きつつあるとトレーダーが想定すれば、世界中の市場に大打撃が及ぶ恐れがある。2016年の導入以来、ＹＣＣが今年に入り最も大きな圧力にさらされているのは否定できない。日銀が投資家にサプライズをもたらすことを決め、とうとう引き締めに転じれば、英政府が最近断念した経済計画が招いた以上に大規模な混乱を世界の市場に引き起こしかねない。元ゴールドマン・サックス・グループのエコノミストで、現在は投資会社ノーザン・グリットストーン会長のジム・オニール氏はＹＣＣについて、「プログラムの規模や歴史、日本国債の低利回り、円安といった明白な理由から、突然の放棄があれば国内的にも世界的にも大混乱をもたらす恐れがある」とし、「下手に取り扱えば最近の英国発の混乱よりも大きな世界的影響がありそうだ」と話した。オーストラリア準備銀行（中銀）が昨年、豪国債下落を受けてＹＣＣ放棄に追い込まれてから、日銀が指標の日本国債利回りへの手綱を突然緩めなければならなくなるのではないかとの観測がくすぶっている。この出来事によって豪中銀の名声は傷つき、次の獲物を求める「債券自警団」は自信を深めた。日銀は現在、ゼロ％を中心に上下0.25％程度を長期金利の許容変動幅とし、景気てこ入れと安定的な物価・賃金の上昇の実現を目指している。27、28両日に予定されている次回の金融政策決定会合でも政策変更はないというのがエコノミストの大部分の基本シナリオとなっている。想像できるシナリオで市場にとって最も劇的なのは、日銀が事前の警告なしでＹＣＣの枠組みを放棄し、世界中の市場に衝撃が広がるケースだ。その場合、短期金利のコントロールに政策を絞り、10年債利回りの自由な変動を容認することになるだろう。ＪＰモルガン・アセット・マネジメントのポートフォリオマネジャー、アルジュン・ビジ氏はそのような場合、10年債利回りは50ベーシスポイント（ｂｐ、１ｂｐ＝0.01％）程度跳ね上がり、最も深刻なマクロ経済的な影響はタームプレミアムの世界的なリプライシングとみる。ビジ氏は「手短に言えば、米国や欧州など他の先進各国の政府債利回りも上昇すると考えられる」と指摘。外国の債券に対する日本勢の持続的な需要が、先進国市場における利回り抑制の重要な要因となってきただけに、「政策転換はポジションの一部解消につながる可能性がある」と語った。原題： Violent Market Swings Await Day the BOJ’s Yield Anchor Lifts (1)（抜粋）,https://www.bloomberg.co.jp/news/articles/2022-10-21/RK2RTDT1UM0W01?srnd=cojp-v2
英保守党党首選、短期決戦に向け舞台裏での闘い－まず１人が立候補,2022-10-21 00:00:00,英国の次期首相を選ぶ与党・保守党の党首選は、ほぼ水面下での争いとなりそうだ。立候補届け出に必要な推薦議員の数を確保しようと、週末の間に熾烈（しれつ）な駆け引きが繰り広げられると予想される。トラス首相の早過ぎる辞任で党首選が実施されることになったが、この党首選は修復がほぼ不可能にみえる党内の亀裂をいっそう深める公算が大きい。まずモーダント下院院内総務が立候補の意向を表明。他の陣営も舞台裏で立候補に必要な100人の推薦議員を集めようと働き掛けが続いている。この間隙（かんげき）を突き、７月に不名誉な形で退陣したジョンソン前首相の支持者は再登板を実現させようと動いている。トラス英首相の後継は誰か－臆測渦巻く、候補になりそうな６人ジョンソン氏支持者らはその可能性を探ろうと他の保守党議員に打診していることを認めた。ただ、同氏自身は出馬について最終的な決断を下していないという。ジョンソン政権は不祥事が続き、前例のない数の閣僚の辞任で崩壊した。この政権崩壊の引き金を引いたのがスナク元財務相で、多くが次期党首の最有力候補と見なしている。ジョンソン一派からは嫌悪されているものの、前回の党首選でトラス氏の経済政策は市場の混乱を招くと繰り返し警告し、それがほぼ証明されたことから党内で評価が上昇している。原題： UK Tories Lobby Behind Scenes in Frantic Bid to Replace Truss（抜粋）UK’s Mordaunt to Stand in Party Leadership Contest（抜粋）,https://www.bloomberg.co.jp/news/articles/2022-10-21/RK3PQTT1UM0W01?srnd=cojp-v2
ドイツ10年債利回り、2.5％上回る－2011年以降で初めて,2022-10-21 00:00:00,21日の欧州債市場でドイツ10年債が下落し、利回りは2011年以降初めて2.5％を上回った。トレーダーは欧州中央銀行（ＥＣＢ）の利上げ見通しを引き上げた。短期金融市場ではＥＣＢが来週の会合で0.75ポイント前後の利上げを実施し、中銀預金金利は1.5％になると織り込まれている。来夏まででは3.25％への上昇が見込まれている。原題： German 10-Year Yield Climbs Above 2.5% for First Time Since 2011（抜粋）,https://www.bloomberg.co.jp/news/articles/2022-10-21/RK3J11T0AFB401?srnd=cojp-v2
ポンド下落は続く公算、英国の次期首相レースの勝者が誰であれ,2022-10-21 00:00:00,トラス英首相の後継レースで誰が勝利しようとも、一つだけ明らかなのは、ポンドが下落し続けるということだ。こう予測する市場関係者らは、景気の逆風やイングランド銀行（英中央銀行）の政策スタンスが足かせとなり、ポンドの下落基調が続くとみる。ポンドの３カ月物リスクリバーサルはかなりのマイナス圏にとどまっている。借り入れコストの上昇やエネルギー料金の高騰、高い税金が経済見通しを曇らせる中、ポンドの苦戦は英経済が直面する課題を象徴している。10月の 消費者信頼感の指数は歴史的低水準にあり、今年17％下落したポンドの下げ基調が続く兆候が強まっている。カナディアン・インペリアル・バンク・オブ・コマースのストラテジスト、パトリック・ベネット氏は、「ポンドは引き続き下押し圧力を受け、英国債とポンドに対する海外投資家の信頼感は回復に時間がかかるだろう」と指摘。ポンドは年末までに１ポンド＝1.09ドルに下落するかもしれないと予想した。ポンドは20日に一時１％高の1.1336ドルまで上昇した後、米金融当局者のタカ派的 発言を受けたドル上昇を背景に伸び悩んだ。フィッチ・レーティングスは、財源の裏付けのない減税計画による財政赤字拡大懸念を理由に、英国の信用格付け見通しを「安定的」から「ネガティブ（弱含み）」に引き下げた。アジア時間21日にポンドは一時0.2％安の1.1215ドルを付けた。ポンドの次の手掛かり材料は、政府の財政計画である可能性もある。ただ、英紙タイムズはハント財務相が財政計画の発表を予定の10月31日より先送りする公算が大きいと報じた。英財務相、財政計画の発表を10月31日から先送りの公算－タイムズ紙オーバーシー・チャイニーズ銀行（ＯＣＢＣ）の外国為替ストラテジスト、クリストファー・ウォン氏（シンガポール在勤）は、「英国の予算と政府は財政規律への回帰、つまり、信頼できる財政軌道を示す必要がある」と指摘した。原題： Pound to Keep Falling Whatever the Outcome of UK Leadership Race（抜粋）,https://www.bloomberg.co.jp/news/articles/2022-10-21/RK383JDWX2PS01?srnd=cojp-v2
中国、党大会後に元安進行容認か－オンショア元は08年以来の安値,2022-10-21 00:00:00,"中国共産党大会の閉幕後に人民元が対ドルで一段と下落すると市場関係者は予想している。21日のオンショア取引で、人民元は一時0.5％安の１ドル＝7.2525元と、2008年以来の安値を付けた。ブルームバーグが今週実施した調査では、回答したトレーダー30人のうち約９割が、５年に一度の党大会が22日に終了した後、中国人民銀行（中央銀行）が狭いレンジ内に設定してきた中心レートを引き下げると予想した。半数は年内に人民元が7.4－7.5元に下落すると想定。現行水準付近の7.25元前後にとどまると答えたのはわずか10％だった。「中国は元安トレンドの再開を容認すると思う」とＲＢＣキャピタルマーケッツのアジア為替戦略責任者、アルビン・タン氏は指摘。米国の金利上昇が進む一方で、人民元の調達コストは低下しており、ドルの対元上昇圧力が積み上がっていると語った。ナットウエスト・グループの中国担当チーフエコノミスト、劉培乾氏は「党大会中は人民銀が為替相場の安定を維持するが、大会後はドル・元の特定水準を防衛する強い意図は示さないとわれわれは考えている」と述べた。人民銀は21日、人民元の対ドル中心レートを37営業日連続で市場予想より元高水準に設定した。原題： PBOC Seen Allowing Weaker Yuan Fix After Congress, Survey Shows、Onshore Yuan Drops to Weakest Since 2008 Amid Surging Dollar、China Sets Stronger-Than-Expected Yuan Fix for 37th Day（抜粋）",https://www.bloomberg.co.jp/news/articles/2022-10-21/RK31F6T0G1KW01?srnd=cojp-v2
中国の有力スタートアップ、ＡＩチップ生産可能と判断－米規制でも,2022-10-21 00:00:00,中国の半導体設計会社、 壁仞科技はバイデン米政権による対中輸出規制を検証し、先端半導体を製造するためファウンドリー（受託生産）で世界最大手の台湾積体電路製造（ＴＳＭＣ）を利用し続けることができると結論付けた。人工知能（ＡＩ）半導体を開発している壁仞科技は、米 エヌビディアのグラフィックチップと競合する製品を手掛ける有望な中国スタートアップ企業と見なされている。エヌビディアは中国に最先端のＡＩ製品をもはや売ることができないと説明済みだ。軍事転用可能なテクノロジーの開発を制限する米国の 輸出規制措置は、先端半導体へのアクセスを妨げるようだが、事情を直接知る関係者によれば、壁仞科技は同社が設計しＴＳＭＣが製造するＡＩ半導体は制裁対象に含まれないと考えている。上海に本社を置く壁仞科技は2019年に創業。今年夏には同社製品がエヌビディアのＡＩアクセラレーター「Ａ100」に比べて高性能だと主張していた。壁仞科技とＴＳＭＣは製品設計を検証した上で、壁仞製品の仕様は規制の対象基準から外れるとの結論に達した。センシティブな問題だとして匿名を条件に述べた関係者の１人が明らかにした。バーンスタインのマーク・リー氏らアナリストはリポートで、「壁仞科技は幸運なことに規制基準をわずかに下回る半導体を持っている。そのため、この半導体はＴＳＭＣによる製造がなお可能だ」と分析した。壁仞科技の担当者はコメントを控えた。ＴＳＭＣにコメントを求めたが、すぐには返答がなかった。原題： One Chinese Chip Startup Shows Key Gap in Biden Export Curbs （抜粋）,https://www.bloomberg.co.jp/news/articles/2022-10-21/RK3DQPT0AFB601?srnd=cojp-v2
外国勢の日本国債売り、６月半ばよりハイペースか－スワップ金利示唆,2022-10-21 00:00:00,日本銀行がイールドカーブ・コントロール（ＹＣＣ、長短金利操作）を修正せざるを得なくなると見越し、海外ファンドが６月半ばに見られた以上に日本国債売りを強めているもようだ。10年物のスワップ金利は0.6％を超え、過去８年余りで最も高くなった。日銀が10年国債利回りの許容変動幅の上限とする0.25％を大きく上回る。日銀がＹＣＣ修正に追い込まれると想定する取引を少なくとも一部トレーダーが行っている兆しと受け取れる。日銀ＹＣＣ微調整でも世界に大打撃へ－現体制下の修正見込まれず日本国債は今年に入り投機的な売りにさらされたが、日銀が６月に過去最大規模の国債買い入れに動いたことや世界的なリセッション（景気後退）懸念を背景に国債利回りは一時的に低下し、大規模金融緩和を継続する日銀の政策が揺らぐことはなかった。21日に発表された９月の全国消費者物価指数（生鮮食品を除くコアＣＰＩ）は前年同月比3.0％上昇した。消費税率引き上げの影響を除くと1991年８月（3.0％上昇）以来の３％台となった。全国コアＣＰＩは31年ぶり３％上昇、円安や原材料高が影響－９月10年国債利回りは今週、２日連続で0.25％のＹＣＣの上限を突破。日銀は利回り上昇を抑えようと事前に予定されていない臨時オペを通知した。日本証券業協会のデータによると、外国勢による９月の10年国債売り越しは６月以降で最も大きかった。トレーダーらが米政策金利のピーク見通しを引き上げる中で、グローバル市場では今月に入り債券が売り込まれた。米国の10年国債利回り上昇はこのままいけば12週連続と、1984年以降で最も長くなる。野村証券の中島武信チーフ金利ストラテジストは「単純に６月より米金利が高いからだ。米金利と10年の円金利スワップを並べるとほぼ同じ動き。米金利が上がっているので、円安も進んでいる」と指摘した。原題： Swap Bets on BOJ Policy Change Gather Pace to Breach Attack High（抜粋）,https://www.bloomberg.co.jp/news/articles/2022-10-21/RK358YT1UM0W01?srnd=cojp-v2
株式ファンドへの資金流入続く、投資家の全面降伏はまだ－ＢｏｆＡ,2022-10-21 00:00:00,株式に対する投資家心理は非常に悲観的だが、株式ファンドへはまだ資金が流入しており、まだ「全面降伏」という状況ではないとバンク・オブ・アメリカ（ＢｏｆＡ）のストラテジストはみている。ＢｏｆＡがＥＰＦＲグローバルのデータを用いてまとめたリポートによれば、世界の株式ファンドへの資金流入は10月19日終了週に92億ドル（約１兆4000億円）だった。キャッシュファンドへの流入は145億ドル。一方、債券ファンドは122億ドル、金は15億ドルの流出だった。ＢｏｆＡが今週発表したファンドマネジャーらを対象にした調査では、株式と世界の成長に関するセンチメントは全面降伏の様相だった。しかしインフレ率が高止まりし、リセッション（景気後退）のリスクも高まる中で、同行のストラテジスト、マイケル・ハートネット氏は株価にはまだ下落余地があると、20日のリポートで指摘した。センチメントは全面降伏、23年の株式相場上昇に道開く－ＢｏｆＡ調査出所：ＢｏｆＡグローバル投資戦略、ブルームバーグ原題： BofA Says Investor Capitulation Yet to Show Up in Equity Flows（抜粋）,https://www.bloomberg.co.jp/news/articles/2022-10-21/RK3NPIT1UM0W01?srnd=cojp-v2
かんぽ生命：金利上昇局面で超長期債シフトをより積極化－下期計画,2022-10-21 00:00:00,かんぽ生命保険は21日、2022年度下半期の運用方針を発表した。国内金利の上昇局面で超長期債への資金シフトをより積極的に行っていく。野村裕之運用企画部長が説明会で明らかにした。22年度は円金利資産の償還が２兆円を超えるため、残高は減少する。ただ、年限の短い地方債や社債が多いため、償還資金の一部で超長期債の買い入れを進めているという。今後も国内金利が上昇する中で保有資産の長期化を継続的に行うほか、投資妙味が薄れているヘッジ付き外債から円債へのシフトも実施していくという。野村氏は「金利が上昇していけば、そういったアクションをより積極的に行っていきたい」と述べた。下半期の30年金利は1.2％－1.7％を想定。21日時点で1.5％強で推移している。野村氏は「投資妙味が当然出てきている。1.6％、1.7％と上がっていくのであれば、ほかの資産と比べても非常に投資妙味がある」と話した。10年金利は0.1％－0.3％と日銀のイールドカーブコントロール（ＹＣＣ）の上限である0.25％を上回るレンジを想定している。野村氏は「今のところＹＣＣの下で0.25％は保持されるとみており、瞬間的に0.25％を超える場面があっても日銀はすぐに抑えに行くだろう」としている。円金利資産の残高は「減少」（上期は「減少」） 引き続き資産と負債のマッチングを意識しつつ投資を行うが残高は減少の見込み。国内金利上昇局面では追加投資など機動的に対応ヘッジ付き外債の残高は「減少」（上期は「減少」） 選別的に投資適格社債等への投資を想定するが、全体としては売り越しベースでの取り組みにより残高は減少オープン外債の残高は「横ばい」（上期は「微増」） 慎重にリスクテイクを行う方針で機動的に残高を調整国内株の残高は「横ばい」（上期は「減少」） 慎重にリスクテイクを行う方針で機動的に残高を調整外国株式の残高は「横ばい」（上期は「微減」） 慎重にリスクテイクを行う方針で機動的に残高を調整オルタナティブ資産の残高は「増加」（上期は「増加」） 中期的に残高を積み増す【2022年度下半期運用計画】円金利資産 ヘッジ外債 オープン外債 国内株 外国株 オルタナティブ かんぽ生命 減少 減少 横ばい 横ばい 横ばい 増加【2022年度下半期の金融環境見通し：23年３月末レンジ（23年３月末）】,https://www.bloomberg.co.jp/news/articles/2022-10-21/RJQ93BDWLU6801?srnd=cojp-v2
クレジット市場は景気後退リスクを過小評価、ゴールドマンが警告,2022-10-21 00:00:00,クレジット市場がリセッション（景気後退）リスクをもっと織り込む必要があると警告する声が広がっており、ゴールドマン・サックス・グループのストラテジストもこの流れに加わった。ゴールドマンの2023年のスプレッド予想では、リスクが「おおむね拡大の方向に傾斜している」と、ロトフィ・カルイ氏らクレジットストラテジストが20日付のリポートで指摘。これは今年弱気相場入りしたクレジット市場がさらなる痛みに向かっている可能性を意味する。米経済がリセッション入りする可能性が高まる中、ＰＧＩＭやＪＰモルガン・アセット・マネジメントなども、クレジット市場のスプレッド拡大リスクに警鐘を鳴らしている。ＪＰモルガン・アセットのケルシー・ベロ氏は今週のブルームバーグテレビジョンのインタビューで、現在のスプレッドは投資家が依然「慢心」していることを示唆していると述べた。ＪＰモルガン・アセットのケルシー・ベロ氏 Markets: The Open.”ゴールドマンのストラテジストは、クレジットスプレッドが過去40年間にリセッション懸念の高まりを十分に織り込んでいなかったのは妥当だとした上で、「われわれは現在の状況は異なると考えている」と指摘。 「政策金利や実質利回りの上昇で引き続き現金の価値が高まり、クレジット市場のリスクプレミアムが押し上げられるだろう」と分析した。ゴールドマンは米投資適格級債のスプレッドが年末までに175ベーシスポイント（ｂｐ、１ｂｐ＝0.01％）に拡大、ジャンク（投資不適格級）債のスプレッドは625ｂｐに拡大すると予想している。原題： Goldman Strategists Warn Credit Is Downplaying Recession Risk（抜粋）,https://www.bloomberg.co.jp/news/articles/2022-10-21/RK386MDWRGG001?srnd=cojp-v2
債券下落、米長期金利が一段上昇－日銀は連日の臨時オペも超長期続落,2022-10-20 00:00:00,債券相場は下落。米長期金利が大幅利上げ継続観測を背景に14年ぶりの高水準を更新したため、売り圧力が掛かった。日本銀行は定例の国債買い入れオペ増額と２日連続で臨時の国債買い入れオペを実施したが、超長期ゾーンを中心に売り圧力が継続した。一方、長期金利は日銀のイールドカーブコントロール（ＹＣＣ、長短金利操作）政策の許容変動幅の上限0.25％で推移した。ＳＭＢＣ日興証券の奥村任金利ストラテジストは、「日銀が臨時オペを実施してもボラティリティー（相場変動率）を抑制する効果しかなく、海外金利の先高観が続く限り、金利上昇の動きは変わらない」と指摘。10年金利と他の年限との間で利回り曲線の形状がゆがむ中、「日銀会合で何らかの対応が指示される可能性はゼロではない」との見方を示した。日銀は午前の金融調節で、 臨時の国債買い入れオペを ２日連続で通知した。対象は残存期間10年超25年以下で、買い入れ額は1000億円。また、定例の国債買い入れオペも増額。残存１年超３年以下を5000億円と、予定額から250億円増額。３年超５年以下は5750億円、５年超10年以下は6500億円と、それぞれ1000億円増額した。10年国債を0.25％で無制限に買い入れる指し値オペも継続した。新発20年債利回りは前日比４ベーシスポイント（bp）高い1.195％、一時1.205％と2015年７月以来の高水準新発30年債利回りは３bp高い1.55％と、15年６月以来の水準新発10年債利回りは横ばいの0.25％ 長期国債先物12月物の終値は29銭安の147円60銭。前日終値を挟んでもみ合った後、徐々に売りが優勢になった。午後は下げ幅を急速に拡大し、一時147円38銭まで下落三菱ＵＦＪモルガン・スタンレー証券の稲留克俊シニア債券ストラテジストは、「日銀は10年金利が0.25％を上回る値動きを許容しない姿勢を強調しているのだろうが、海外金利の上昇圧力が強いため、10年以外の年限の金利上昇を止めるのは難しい」と指摘。「10年金利とそれ以外の金利とのゆがみが拡大しているが、日銀はＹＣＣを修正する以外に手立てはない」と話した。ＳＭＢＣ日興証券の奥村氏は、新発10年債利回りが0.25％を超えても指し値オペの影響で大幅な上昇にはならないが、先物のチーペスト（受け渡し適格最割安）銘柄の利回りが指し値オペの0.25％を付けると、そこで利回り上昇が止まるので、「その後は先物と現物のリンクが消えてしまうので、水準が不透明になり、先物は無秩序な動きになりやすい」と指摘する。背景新発国債利回り（午後３時時点）,https://www.bloomberg.co.jp/news/articles/2022-10-20/RK1A0WT1UM0W01?srnd=cojp-v2
中国共産党の習総書記、新指導部で権力掌握示す－23日に顔ぶれ判明,2022-10-21 00:00:00,約14億人の中国国民は、今後５年にわたり自国を率いるのが誰かを23日にようやく知ることになる。最高指導部の共産党中央政治局常務委員が紹介されるからだ。習近平総書記（国家主席）が異例の党トップ３期目入りを決めることはほぼ確実。習氏がどのような常務委員を披露するかによって、今後５年間どのように中国をかじ取りする考えなのか手掛かりが得られる見通しだ。党大会時に68歳以上なら引退、67歳以下なら留任という「七上八下」と呼ばれる慣例について、習総書記（69）が自身だけを例外とするのか、他の常務委員にも適用除外を認めるのか、また習氏側近のうち、何人が重要な役職を担当する常務委員を務めるのか、習総書記が後継候補を示唆するのかが焦点だ。第20回共産党大会で活動報告を行う習近平総書記（10月16日、北京の人民大会堂で） Photographer: Noel Celis/AFP/Getty Images習総書記が常務委員を自身の側近で固め、権力を一段と強化する方向だと、米紙ウォールストリート・ジャーナル（ＷＳＪ）や香港英字紙サウスチャイナ・モーニング・ポスト（ＳＣＭＰ）が今週報じた。実際にそうなれば、新型コロナウイルスを徹底的に抑え込む「ゼロコロナ」政策や対米・対ロシア関係、住宅ローンの支払い拒否拡大を招いた不動産危機など重要問題を巡り、習氏の考えに異を唱える人間は少なくなる。中国ウオッチャーらが示した新たな常務委員に関する十数余りの潜在的な顔ぶれをブルームバーグが分析した。３つのシナリオを以下に挙げる。常務委員の陣容はほぼ変わらず習総書記が七上八下の不文律を全く守らなかった場合、理論的には現在の政治局常務委員を全員留任させることも可能だが、その公算は小さく、全国人民代表大会（全人代、国会に相当）の栗戦書常務委員長（72）と韓正氏（68）は退任するとみられる。習氏がその他の常務委員を留任させれば、党内の主要勢力間のバランスを取るとともに、常務委員会で自派が過半数を確保しつつ、異なる視点も認める動きを幾分反映することになる。このシナリオでは、李克強氏（67）が来年３月の首相退任後、全人代常務委員長に就く公算が大きく、副首相経験者の汪洋人民政治協商会議主席が有力な次期首相候補となる。習総書記に近いと見なされていない汪氏が首相に就任するなら、上海市トップの李強党委員会書記（63）など側近の一人を筆頭副首相とし、汪氏の権限をチェックする形となりそうだ。留任：習近平氏、李克強氏、汪洋氏、王滬寧氏、趙楽際氏昇格候補：習氏側近の丁薛祥・党中央弁公庁主任、上海市の李強党委書記、北京市の蔡奇党委書記、李希広東省党委書記、重慶市の陳敏爾党委書記バランス型人事で党内の結束示す首相退任を既に表明している李克強氏は常務委員からも完全引退する可能性が十分あり、そうなれば定年となる栗戦書、韓正両氏と共に３つの席が空く。李首相の出身母体、共産主義青年団（共青団）は習総書記下で影響力を大きく落としたが、習氏は共青団系の胡春華副首相（59）を常務委員に昇格させ、残り２枠を側近で埋める可能性がある。このシナリオでも汪洋氏が次期首相の有力候補。筆頭副首相には胡氏、あるいは習氏側近の１人が就く可能性がある。留任：習近平氏、汪洋氏、王滬寧氏、趙楽際氏昇格候補：胡春華氏、丁薛祥氏、李強氏、蔡奇氏、李希氏、陳敏爾氏習総書記側近で最高指導部を固める習氏が政治局常務委員７人から成る最高指導部を側近で固め、自派に明確に身を置いていない常務委員を排除するシナリオは最も可能性が高いと考えられる。その場合はさまざまな昇格基準を破る形になる。コロナ対策として導入した約２カ月に及ぶロックダウン（都市封鎖）で、市民の反発や社会不安を招いた上海市トップの李強党委書記が首相に就くなら、最も議論を呼ぶ人事になる。歴代首相の大半は副首相を経験しており、副首相経験者ではない李強氏が首相になれば、習総書記が忠誠心を最も重視していることを示唆しているだけでなく、経済政策を巡る疑念も強まる可能性がある。国務院（政府）を担当する２人の常務委員を習氏の側近が務めるなら、毛沢東氏が死去した1976年以後続いてきた最高指導部における権力の力学が大きく変わることを示す。国務院はこれまで経済運営で一定の自主性が認められており、この10年で習氏が経済政策の策定に対する影響力を強めても、李克強首相は指示を実行する地方当局者に対して異なるメッセージを強調することもできた。留任：習近平氏、王滬寧氏、趙楽際氏昇格候補：丁薛祥氏、李強氏、蔡奇氏、李希氏、陳敏爾氏原題： China’s Big Leadership Reveal Will Show Extent of Xi’s Power（抜粋）,https://www.bloomberg.co.jp/news/articles/2022-10-21/RK2RKOT0G1KW01?srnd=cojp-v2
オミクロン株派生型の出現続く、感染拡大防止を困難に－QuickTake,2022-10-21 00:00:00,"新型コロナウイルスの感染力の高い オミクロン変異株は2021年末に出現して以来、 目もくらむほど多様な派生型が登場しており、世界中で新たな感染拡大の波を発生させている。これほど多様な派生型の出現は 前例がなく、活発に 変異を繰り返して互いに優位性を競い合うような格好だ。これが新型コロナウイルス感染症（ＣＯＶＩＤ１９）を過去 最速のペースで流行する病気の１つにしており、頻繁なブースター（追加免疫）接種や検査、マスク着用に既に飽き飽きしている世界の人々の間で、感染防止の取り組みを一段と困難にしている。１．オミクロン株はどう進化しているのかオミクロン株は 昨年遅くに南アフリカ共和国で初めて確認され、 デルタ変異株を打ち負かした。最初の「B.1.1.529」はスパイクタンパク質遺伝子での約 30の変異を特徴としており、ワクチンの効果を低下させ、 感染リスクを高める恐れがある。Welcome to the #Omicron Olympics, where a dazzling array of fit new strains race against each other for global dominance. — Raina MacIntyre 😷💉📈 (@Globalbiosec) October 11, 2022２．派生型はどうかオミクロン株のその後の継続的進化は、感染拡大スピードの速い多数の派生型の同時出現につながった。それぞれが 抗体回避や感染力、病原性に影響するさまざまな遺伝子変異を持つ。一部の変異株は抗体を回避する著しい能力と、人間の呼吸器細胞に感染して人から人に拡散しやすくする高度な能力の両方を得たものもある。３．最も心配な変異株は？派生型の「 BQ.1.1」「BQ.1」「BQ.1.3」「BA.2.3.20」「XBB」は、主要なオミクロン系統の中で最も急速に拡散している。そのうちXBBがこれまで確認された変異株で最も 抗体回避性が高いと世界保健機関（ＷＨＯ）は10月19日付の報告書で指摘した。疾患の重症度に変化があった証拠はまだないという。英国のデータに基づくと、BQ系統の派生型と「BA.2.75.2」および「 BF.7」は、免疫回避性などから 最も懸念されると、英保健当局は今月７日に指摘した。米疾病対策センター（ＣＤＣ）によれば、米国では BF.7が広がり始めており、10月15日終了週の感染症例の5.3％を占めた。「BA4.6」は、「BA.5」に次いで流行しており、12.2％を占めた。前週は13.6％だった。XBB株はアジア太平洋諸国の感染 急増と関係しており、シンガポールでは感染の半数以上を占めていると、同国衛生当局は10月15日に明らかにした。XBBの感染の波は11月半ばごろにピークを迎える可能性があり、再感染の増加を招く公算が大きいという。Some updated variant analyses by @MoritzGerstung. Below and here https://t.co/j5MxnUuP1z also some more updated plots based on my analysis here https://t.co/S7ptpC219Z. https://t.co/UahKQpajVO pic.twitter.com/BrbqzjR84C — Tom Wenseleers (@TWenseleers) October 18, 2022４． 現在のワクチンの効果は？初回ワクチン接種で生じた免疫は一般的に、オミクロン株の派生型に対して 有効性が低下している。ブースター接種は、 モデルナや ファイザー、 ビオンテック製のメッセンジャーＲＮＡ（ｍＲＮＡ）ワクチンを使う場合は特に、症状を伴う疾患や感染に対する防御を大幅に改善するが、時間の経過とともにその効果は減少する。初回ワクチン接種は通常、その後６カ月間は重症化予防効果が研究で示されている。 ＷＨＯによると、より長期的な効果についてはさらなる研究が必要だ。多様な オミクロン株派生型に対する防御力の改善を狙ったワクチンをメーカーが開発しており、いわゆる ２価ワクチンのブースター接種を規制当局は承認している。最新のブースター接種などについて話すモデルナの共同創業者、ヌーバー・アフェヤン氏 Source: Bloomberg５．注意点は？比較的新しいオミクロン株派生型の一部は感染者数の地域的急増を招いているが、 入院件数は以前の感染拡大期ほどには増加していない。これは過去の感染やワクチン接種によって生じた免疫によって重症化を防いでいることを示唆している。それでも、ワクチン接種済みの感染者で症状が軽くても後遺症が長く続く「 ロング・コビッド」と呼ばれるケースもあり、 ワクチン接種だけでは長期的な健康への影響を軽減するには不十分かもしれない。関連記事：原題： How Omicron’s Subvariants Have Turbo-Charged Covid: QuickTake（抜粋）",https://www.bloomberg.co.jp/news/articles/2022-10-21/RK165IT0G1KX01?srnd=cojp-v2
リモート勤務で浮いた通勤の6000万時間、米国人は睡眠充足に－調査,2022-10-19 00:00:00,リモートワークへの移行などで米国人が通勤に費やす時間は全体で１日当たり6000万時間減っており、浮いた分は睡眠時間の拡充などに使われていることがニューヨーク（ＮＹ）連銀の 調査で分かった。ＮＹ連銀は「アメリカン・タイム・ユーズ・サーベイ（ＡＴＵＳ）」のデータを分析し、満員電車や渋滞から解放される米勤労者がその分の時間をどう使うかを聞いた調査でこうした 実態が浮かび上がった。主な結論は、トータルの勤務時間は減り、睡眠と余暇に回す時間が増えたということだ。この中で引用されたスタンフォード大学のニック・ブルーム経済学教授の調査によれば、多くの企業が従業員にオフィス復帰を働き掛けているものの、依然として 約15％が完全リモートワーク、30％がリモートとオフィスを組み合わせたハイブリッド型となっている。ＮＹ連銀の調査の筆者らは「通勤時間が減ると子育てや余暇など別の活動にその時間を回すのが可能になることを踏まえると、今回の調査結果は従業員が柔軟性のある働き方を好むという多くの報告に信ぴょう性を与えるものだ。在宅勤務によって生じるこのプラス面は、それを望む人にとって、将来の柔軟性ある働き方の重要な検討事項になろう」と分析した。浮いた時間を若い世代はバーやレストランに出掛けるなど余暇に、年齢が高い層は料理や掃除、子育てなど家事に回す傾向が強いが、全てのグループで睡眠時間の増加が見られ１日当たり約１時間増となっている。この結果だけでも米勤労者の健康と安心にとって朗報だ。慢性的な睡眠不足は多くの 深刻な健康問題につながるからだ。原題： Remote Work Frees 60 Million Hours to Sleep Instead of Commute（抜粋）,https://www.bloomberg.co.jp/news/articles/2022-10-19/RJZ16XT1UM0W01?srnd=cojp-v2
アートを通じて気候変動を考える：マヤ・リン氏,2022-09-28 00:00:00,アートを通じて気候変動を考える：マヤ・リン氏アーティストで建築家のマヤ・リン氏は、大規模な環境アートや建築、記念碑のデザインで知られている。記念碑シリーズの最後となる５つ目の作品 「ワット・イズ・ミッシング？（何を失っているのか？）」 には、彼女の長年にわたる環境活動や気候変動の深刻な影響が反映されている。リン氏がその詳細をブルームバーグのインタビューで語った。動画リポート。 (Source: Bloomberg),https://www.bloomberg.co.jp/news/videos/2022-09-28/RIWL2FDWRGG201
３年目を迎える歴史的黒人大学のｅスポーツリーグ,2022-09-28 00:00:00,３年目を迎える歴史的黒人大学のｅスポーツリーグ米国では十代の黒人の83％がゲーマーという自覚を持っているが、ｅスポーツ界で黒人のプロは４%しかいない。ＨＢＣＵ（歴史的黒人大学）のｅスポーツリーグを通して、ゲーム業界の多様性欠如の打開を目指す「Cxmmunity」（コミュニティー）の活動を紹介する。共同創業者のライアン・ジョンソン最高経営責任者（ＣＥＯ）とクリス・ペイ最高マーケティング責任者（ＣＭＯ）が語る。動画リポート。 (Source: Bloomberg),https://www.bloomberg.co.jp/news/videos/2022-09-28/RIWJQQDWLU6801
